{"bestww010":"eyJ0ZXh0dXJlcyI6eyJTS0lOIjp7InVybCI6Imh0dHA6Ly90ZXh0dXJlcy5taW5lY3JhZnQubmV0L3RleHR1cmUvOTc5MTFmYmUwZWMwNTA1NDA1OGQzODI5NzI2MzQ2MzYzYzljNTk1YTBiMDg3OTZjZDUzZWE2NjhkYTkyNzc5NiJ9fX0=","xxxRAZEzzz":"eyJ0ZXh0dXJlcyI6eyJTS0lOIjp7InVybCI6Imh0dHA6Ly90ZXh0dXJlcy5taW5lY3JhZnQubmV0L3RleHR1cmUvN2JmODdjNjVhOWIzOWE3OGQwYzZlYTE1YWU4OTEyYTU2M2I4OGM4ODk4YTdjYzlkODY2NGEyMjUxZTRlNjgzYyJ9fX0=","lugoflen":"eyJ0ZXh0dXJlcyI6eyJTS0lOIjp7InVybCI6Imh0dHA6Ly90ZXh0dXJlcy5taW5lY3JhZnQubmV0L3RleHR1cmUvZGFmM2Q4OGNjYjM4ZjExZjc0ODE0ZTkyMDUzZDkyZjc3MjhkZGIxYTc5NTU2NTJhNjBlMzBjYjI3YWU2NjU5ZiJ9fX0=","lScylla":"eyJ0ZXh0dXJlcyI6eyJTS0lOIjp7InVybCI6Imh0dHA6Ly90ZXh0dXJlcy5taW5lY3JhZnQubmV0L3RleHR1cmUvYTlmOTFjYjljNzM1MjhlYjZkNDFiMWU4ZjlhZjdmN2I0NTg0N2E0MjQ1OTllZDM0OGY0Y2Q3ZTMzOGI2NTExNCJ9fX0=","mimodesmio":" ","pepito":"eyJ0ZXh0dXJlcyI6eyJTS0lOIjp7InVybCI6Imh0dHA6Ly90ZXh0dXJlcy5taW5lY3JhZnQubmV0L3RleHR1cmUvMjVkZmI2MDZmYzg4MmI2NTliMWEwMTA3ZGZmN2M0OGZkMDI4NDkwYzE2OTk5ZmQzYmYzN2Y1ODhlYmViYjg0YyJ9fX0=","ProChute":"eyJ0ZXh0dXJlcyI6eyJTS0lOIjp7InVybCI6Imh0dHA6Ly90ZXh0dXJlcy5taW5lY3JhZnQubmV0L3RleHR1cmUvZTA0YzFiMzdmYjI5ODRmMjc4NWNlNGY2ZjNkNjBkYmE0YzMwNjQ2MjgzZDJhZGE2MWUwOTViNDUzYmZiNThlOSJ9fX0="}