{"stats":{"minecraft:custom":{"minecraft:time_since_rest":118471,"minecraft:sprint_one_cm":35209,"minecraft:damage_taken":702,"minecraft:walk_one_cm":79871,"minecraft:mob_kills":6,"minecraft:drop":24,"minecraft:damage_dealt":840,"minecraft:interact_with_crafting_table":2,"minecraft:fly_one_cm":132594,"minecraft:crouch_one_cm":6166,"minecraft:open_shulker_box":20,"minecraft:play_time":127271,"minecraft:deaths":2,"minecraft:sneak_time":10083,"minecraft:jump":340,"minecraft:leave_game":5,"minecraft:time_since_death":113068,"minecraft:total_world_time":127271,"minecraft:fall_one_cm":3431},"minecraft:crafted":{"minecraft:crafting_table":1,"minecraft:stick":12,"minecraft:iron_ingot":9,"minecraft:wooden_pickaxe":1,"minecraft:stone_pickaxe":1,"minecraft:wooden_axe":1,"minecraft:birch_planks":16,"minecraft:stone_axe":1},"minecraft:used":{"minecraft:diorite":3,"minecraft:wooden_axe":11,"minecraft:light_blue_shulker_box":7,"minecraft:chicken":1,"minecraft:stone_pickaxe":33,"minecraft:netherite_chestplate":1,"minecraft:netherite_axe":12,"minecraft:wooden_pickaxe":22,"minecraft:stone_axe":9,"minecraft:item_frame":12,"minecraft:netherite_boots":1,"minecraft:diamond_sword":2,"minecraft:dirt":24,"minecraft:cobblestone":13,"minecraft:netherite_leggings":1,"minecraft:crafting_table":1,"minecraft:birch_log":1,"minecraft:netherite_pickaxe":142,"minecraft:netherite_helmet":1,"minecraft:milk_bucket":1},"minecraft:dropped":{"minecraft:netherite_pickaxe":1,"minecraft:cobblestone":7,"minecraft:feather":2,"minecraft:birch_log":4,"minecraft:coal":640,"minecraft:item_frame":1},"minecraft:killed_by":{"minecraft:spider":1,"minecraft:zombie":1},"minecraft:picked_up":{"minecraft:birch_log":22,"minecraft:stick":1,"minecraft:feather":2,"minecraft:chicken":1,"minecraft:clay_ball":4,"minecraft:andesite":4,"minecraft:light_blue_shulker_box":11,"minecraft:diorite":3,"minecraft:redstone":82,"minecraft:dirt":26,"minecraft:item_frame":10,"minecraft:arrow":1,"minecraft:bone":2,"minecraft:cobbled_deepslate":2,"minecraft:granite":1,"minecraft:brown_shulker_box":1,"minecraft:iron_block":140,"minecraft:coal":1102,"minecraft:cobblestone":170},"minecraft:mined":{"minecraft:light_blue_shulker_box":5,"minecraft:dark_oak_leaves":2,"minecraft:iron_ore":1,"minecraft:birch_log":27,"minecraft:andesite":4,"minecraft:birch_leaves":11,"minecraft:clay":1,"minecraft:granite":1,"minecraft:grass_block":10,"minecraft:coal_ore":10,"minecraft:dirt":19,"minecraft:cobblestone":2,"minecraft:stone":166,"minecraft:diorite":3,"minecraft:deepslate":1},"minecraft:killed":{"minecraft:skeleton":5,"minecraft:chicken":1}},"DataVersion":3578}