{"stats":{"minecraft:used":{"minecraft:tripwire_hook":2,"minecraft:cobblestone":2,"minecraft:iron_axe":1,"minecraft:string":5,"minecraft:iron_pickaxe":2},"minecraft:custom":{"minecraft:time_since_rest":30744,"minecraft:crouch_one_cm":200,"minecraft:sprint_one_cm":5736,"minecraft:play_time":30744,"minecraft:damage_taken":131,"minecraft:walk_one_cm":15443,"minecraft:sneak_time":60,"minecraft:drop":2,"minecraft:jump":200,"minecraft:leave_game":4,"minecraft:time_since_death":30744,"minecraft:walk_on_water_one_cm":174,"minecraft:total_world_time":30744,"minecraft:fall_one_cm":6974,"minecraft:fly_one_cm":16782},"minecraft:dropped":{"minecraft:rotten_flesh":2},"minecraft:mined":{"minecraft:dead_bush":5,"minecraft:redstone_wire":1,"minecraft:stone":2,"minecraft:tripwire":3},"minecraft:picked_up":{"minecraft:iron_axe":1,"minecraft:iron_chestplate":1,"minecraft:iron_leggings":1,"minecraft:stick":4,"minecraft:tripwire_hook":4,"minecraft:rotten_flesh":2,"minecraft:water_bucket":1,"minecraft:iron_helmet":1,"minecraft:bone_meal":64,"minecraft:iron_pickaxe":1,"minecraft:oak_sapling":64,"minecraft:redstone":1,"minecraft:iron_boots":1,"minecraft:iron_sword":1,"minecraft:string":44,"minecraft:cobblestone":2}},"DataVersion":3465}