{"stats":{"minecraft:custom":{"minecraft:jump":114,"minecraft:time_since_rest":7047,"minecraft:walk_on_water_one_cm":81,"minecraft:play_time":7047,"minecraft:leave_game":2,"minecraft:sprint_one_cm":19204,"minecraft:damage_taken":20,"minecraft:time_since_death":7047,"minecraft:walk_one_cm":7890,"minecraft:sneak_time":53,"minecraft:total_world_time":7047,"minecraft:walk_under_water_one_cm":353,"minecraft:swim_one_cm":11595,"minecraft:fall_one_cm":3381,"minecraft:fly_one_cm":24189,"minecraft:horse_one_cm":3740}},"DataVersion":3578}