{"stats":{"minecraft:custom":{"minecraft:jump":68,"minecraft:time_since_rest":26354,"minecraft:damage_taken":20,"minecraft:walk_one_cm":3563,"minecraft:damage_dealt":180,"minecraft:crouch_one_cm":8,"minecraft:leave_game":5,"minecraft:sprint_one_cm":2611,"minecraft:play_time":27978,"minecraft:time_since_death":26262,"minecraft:walk_on_water_one_cm":2534,"minecraft:deaths":1,"minecraft:sneak_time":79,"minecraft:total_world_time":27978,"minecraft:walk_under_water_one_cm":1143,"minecraft:mob_kills":1,"minecraft:swim_one_cm":775,"minecraft:drop":1,"minecraft:fall_one_cm":482,"minecraft:fly_one_cm":22484},"minecraft:dropped":{"minecraft:tnt":1}},"DataVersion":3465}