{"stats":{"minecraft:killed":{"minecraft:sheep":1},"minecraft:picked_up":{"minecraft:brown_wool":1,"minecraft:mutton":2},"minecraft:used":{"minecraft:brown_wool":1},"minecraft:custom":{"minecraft:jump":17,"minecraft:time_since_rest":1159,"minecraft:damage_dealt":80,"minecraft:crouch_one_cm":81,"minecraft:leave_game":2,"minecraft:play_time":1159,"minecraft:time_since_death":1159,"minecraft:walk_one_cm":763,"minecraft:sneak_time":49,"minecraft:total_world_time":1159,"minecraft:mob_kills":1,"minecraft:fly_one_cm":180},"minecraft:mined":{"minecraft:large_fern":2}},"DataVersion":3578}