{"stats":{"minecraft:picked_up":{"minecraft:sweet_berries":1,"minecraft:glow_item_frame":10,"minecraft:brown_wool":1,"minecraft:diamond_sword":62,"minecraft:light_blue_shulker_box":18,"minecraft:spruce_sapling":1,"minecraft:grass_block":3,"minecraft:spruce_log":5,"minecraft:dirt":72,"minecraft:string":1,"minecraft:arrow":2,"minecraft:rotten_flesh":9,"minecraft:netherite_sword":11,"minecraft:mutton":4},"minecraft:dropped":{"minecraft:diamond_sword":62,"minecraft:dirt":2,"minecraft:rotten_flesh":1,"minecraft:spruce_log":1,"minecraft:light_blue_shulker_box":5},"minecraft:used":{"minecraft:light_blue_shulker_box":4,"minecraft:lava_bucket":1,"minecraft:grass_block":12,"minecraft:brown_wool":1,"minecraft:spruce_leaves":9,"minecraft:glow_item_frame":6,"minecraft:dirt":217,"minecraft:hopper":1,"minecraft:spruce_log":2},"minecraft:mined":{"minecraft:large_fern":2,"minecraft:light_blue_shulker_box":1},"minecraft:killed_by":{"minecraft:skeleton":1},"minecraft:killed":{"minecraft:sheep":1},"minecraft:custom":{"minecraft:time_since_rest":60591,"minecraft:sprint_one_cm":18435,"minecraft:damage_taken":500,"minecraft:walk_one_cm":20323,"minecraft:mob_kills":1,"minecraft:drop":10,"minecraft:inspect_hopper":6,"minecraft:damage_dealt":80,"minecraft:fly_one_cm":64170,"minecraft:crouch_one_cm":7607,"minecraft:play_time":122067,"minecraft:open_shulker_box":14,"minecraft:deaths":1,"minecraft:sneak_time":1761,"minecraft:jump":196,"minecraft:leave_game":4,"minecraft:time_since_death":60507,"minecraft:total_world_time":122067,"minecraft:fall_one_cm":3328}},"DataVersion":3578}