{"stats":{"minecraft:custom":{"minecraft:jump":68,"minecraft:time_since_rest":19373,"minecraft:crouch_one_cm":8,"minecraft:damage_dealt":180,"minecraft:damage_taken":20,"minecraft:walk_one_cm":3563,"minecraft:leave_game":4,"minecraft:sprint_one_cm":2611,"minecraft:play_time":20997,"minecraft:time_since_death":19281,"minecraft:walk_on_water_one_cm":2534,"minecraft:deaths":1,"minecraft:sneak_time":65,"minecraft:total_world_time":20997,"minecraft:walk_under_water_one_cm":1143,"minecraft:mob_kills":1,"minecraft:swim_one_cm":775,"minecraft:fall_one_cm":482,"minecraft:fly_one_cm":15414}},"DataVersion":3465}