{"stats":{"minecraft:picked_up":{"minecraft:stick":4},"minecraft:custom":{"minecraft:time_since_rest":5671,"minecraft:crouch_one_cm":160,"minecraft:play_time":59433,"minecraft:sprint_one_cm":6036,"minecraft:deaths":3,"minecraft:damage_taken":230,"minecraft:walk_one_cm":10354,"minecraft:sneak_time":381,"minecraft:walk_under_water_one_cm":1143,"minecraft:mob_kills":1,"minecraft:drop":5,"minecraft:jump":120,"minecraft:damage_dealt":180,"minecraft:leave_game":6,"minecraft:walk_on_water_one_cm":2534,"minecraft:time_since_death":5647,"minecraft:total_world_time":59433,"minecraft:swim_one_cm":775,"minecraft:fall_one_cm":3035,"minecraft:fly_one_cm":126335},"minecraft:used":{"minecraft:oak_fence":12,"minecraft:oak_sign":1},"minecraft:dropped":{"minecraft:tnt":1,"minecraft:stick":4},"minecraft:mined":{"minecraft:dead_bush":4}},"DataVersion":3465}