{"stats":{"minecraft:picked_up":{"minecraft:apple":1,"minecraft:brown_shulker_box":1,"minecraft:golden_apple":1,"minecraft:light_blue_shulker_box":1,"minecraft:enchanted_golden_apple":1},"minecraft:dropped":{"minecraft:enchanted_golden_apple":1,"minecraft:apple":1,"minecraft:golden_apple":1,"minecraft:light_blue_shulker_box":2,"minecraft:pink_shulker_box":1,"minecraft:brown_shulker_box":3,"minecraft:chest":64},"minecraft:mined":{"minecraft:brown_shulker_box":1},"minecraft:custom":{"minecraft:time_since_rest":101329,"minecraft:crouch_one_cm":223,"minecraft:open_shulker_box":1,"minecraft:play_time":101329,"minecraft:sprint_one_cm":2156,"minecraft:damage_taken":180,"minecraft:walk_one_cm":9531,"minecraft:sneak_time":369,"minecraft:drop":10,"minecraft:jump":53,"minecraft:damage_dealt":20,"minecraft:leave_game":3,"minecraft:time_since_death":101329,"minecraft:total_world_time":101329,"minecraft:fall_one_cm":478,"minecraft:fly_one_cm":59832,"minecraft:horse_one_cm":163239},"minecraft:used":{"minecraft:light_blue_shulker_box":1,"minecraft:grass_block":2,"minecraft:donkey_spawn_egg":3,"minecraft:brown_shulker_box":1,"minecraft:grass":1}},"DataVersion":3578}