{"stats":{"minecraft:mined":{"minecraft:white_bed":11,"minecraft:dead_bush":8},"minecraft:used":{"minecraft:oak_fence":12,"minecraft:cobblestone":2,"minecraft:terracotta":9,"minecraft:oak_sign":1,"minecraft:white_bed":31,"minecraft:stone":37},"minecraft:killed_by":{"minecraft:skeleton":1,"minecraft:zombie":2},"minecraft:dropped":{"minecraft:cobblestone":4,"minecraft:stone":3,"minecraft:tnt":1,"minecraft:coal_ore":1,"minecraft:stick":7,"minecraft:terracotta":1},"minecraft:picked_up":{"minecraft:stick":7,"minecraft:rotten_flesh":1,"minecraft:white_bed":11,"minecraft:cobblestone":4},"minecraft:custom":{"minecraft:time_since_rest":5143,"minecraft:crouch_one_cm":726,"minecraft:play_time":180507,"minecraft:sprint_one_cm":30341,"minecraft:damage_taken":1001,"minecraft:deaths":6,"minecraft:walk_one_cm":36921,"minecraft:sneak_time":710,"minecraft:walk_under_water_one_cm":2214,"minecraft:mob_kills":2,"minecraft:drop":17,"minecraft:jump":501,"minecraft:damage_dealt":481,"minecraft:leave_game":13,"minecraft:walk_on_water_one_cm":3664,"minecraft:time_since_death":0,"minecraft:sleep_in_bed":2,"minecraft:total_world_time":180507,"minecraft:swim_one_cm":775,"minecraft:fall_one_cm":8520,"minecraft:fly_one_cm":285306}},"DataVersion":3465}