{"stats":{"minecraft:used":{"minecraft:light_blue_shulker_box":1,"minecraft:grass_block":2,"minecraft:donkey_spawn_egg":3,"minecraft:brown_shulker_box":1,"minecraft:grass":1},"minecraft:custom":{"minecraft:time_since_rest":8623,"minecraft:crouch_one_cm":331,"minecraft:open_shulker_box":1,"minecraft:play_time":111129,"minecraft:sprint_one_cm":4613,"minecraft:damage_taken":290,"minecraft:deaths":1,"minecraft:walk_one_cm":14223,"minecraft:sneak_time":548,"minecraft:drop":12,"minecraft:jump":87,"minecraft:damage_dealt":20,"minecraft:leave_game":6,"minecraft:time_since_death":8590,"minecraft:total_world_time":111129,"minecraft:fall_one_cm":813,"minecraft:fly_one_cm":66040,"minecraft:horse_one_cm":163239},"minecraft:killed_by":{"minecraft:zombie":1},"minecraft:mined":{"minecraft:brown_shulker_box":1},"minecraft:picked_up":{"minecraft:apple":1,"minecraft:brown_shulker_box":3,"minecraft:golden_apple":1,"minecraft:light_blue_shulker_box":1,"minecraft:enchanted_golden_apple":1},"minecraft:dropped":{"minecraft:enchanted_golden_apple":1,"minecraft:apple":1,"minecraft:pink_shulker_box":1,"minecraft:golden_apple":1,"minecraft:light_blue_shulker_box":2,"minecraft:chest":64,"minecraft:brown_shulker_box":5}},"DataVersion":3578}