{"stats":{"minecraft:custom":{"minecraft:mob_kills":3,"minecraft:leave_game":23,"minecraft:time_since_death":50407,"minecraft:sleep_in_bed":2,"minecraft:time_since_rest":50433,"minecraft:sprint_one_cm":45566,"minecraft:damage_taken":1561,"minecraft:walk_one_cm":86882,"minecraft:drop":52,"minecraft:damage_dealt":789,"minecraft:swim_one_cm":775,"minecraft:fly_one_cm":805836,"minecraft:crouch_one_cm":6027,"minecraft:play_time":302484,"minecraft:deaths":8,"minecraft:sneak_time":4252,"minecraft:walk_under_water_one_cm":3124,"minecraft:jump":820,"minecraft:walk_on_water_one_cm":6945,"minecraft:total_world_time":302484,"minecraft:fall_one_cm":16641},"minecraft:used":{"minecraft:oak_trapdoor":2,"minecraft:oak_fence":12,"minecraft:water_bucket":1,"minecraft:redstone":4,"minecraft:oak_planks":13,"minecraft:poppy":3,"minecraft:oak_sign":1,"minecraft:stone":114,"minecraft:dirt":5,"minecraft:terracotta":9,"minecraft:white_bed":36,"minecraft:sponge":2,"minecraft:shears":16,"minecraft:redstone_torch":2,"minecraft:oak_log":2,"minecraft:lever":2,"minecraft:grass_block":25,"minecraft:string":111,"minecraft:stone_slab":1,"minecraft:tripwire_hook":20,"minecraft:repeater":1,"minecraft:cobblestone":5,"minecraft:oak_sapling":40,"minecraft:bone_meal":664},"minecraft:dropped":{"minecraft:water_bucket":1,"minecraft:iron_sword":1,"minecraft:tnt":1,"minecraft:iron_helmet":1,"minecraft:cobblestone":4,"minecraft:rotten_flesh":1,"minecraft:oak_planks":18,"minecraft:iron_boots":1,"minecraft:shears":1,"minecraft:stick":12,"minecraft:stone":3,"minecraft:coal_ore":1,"minecraft:iron_chestplate":1,"minecraft:oak_sapling":64,"minecraft:iron_leggings":1,"minecraft:bone_meal":64,"minecraft:iron_axe":1,"minecraft:iron_pickaxe":1,"minecraft:string":138,"minecraft:tripwire_hook":2,"minecraft:terracotta":1},"minecraft:crafted":{"minecraft:oak_planks":12},"minecraft:mined":{"minecraft:white_bed":15,"minecraft:grass_block":1,"minecraft:dead_bush":9,"minecraft:oak_planks":1,"minecraft:redstone_torch":1,"minecraft:oak_log":3,"minecraft:gravel":1,"minecraft:dirt":4,"minecraft:tripwire_hook":1,"minecraft:oak_leaves":6,"minecraft:tripwire":58},"minecraft:killed_by":{"minecraft:skeleton":1,"minecraft:zombie":4},"minecraft:picked_up":{"minecraft:tripwire_hook":17,"minecraft:oak_log":5,"minecraft:dirt":6,"minecraft:string":1234,"minecraft:wheat_seeds":843,"minecraft:redstone_torch":1,"minecraft:oak_planks":19,"minecraft:stick":17,"minecraft:gravel":2,"minecraft:white_bed":15,"minecraft:redstone":1,"minecraft:rotten_flesh":2,"minecraft:lever":1,"minecraft:shears":1,"minecraft:oak_sapling":1,"minecraft:cobblestone":7},"minecraft:killed":{"minecraft:zombie":1}},"DataVersion":3465}