{"stats":{"minecraft:picked_up":{"minecraft:stick":4,"minecraft:cobblestone":4},"minecraft:custom":{"minecraft:time_since_rest":74785,"minecraft:crouch_one_cm":609,"minecraft:play_time":128547,"minecraft:sprint_one_cm":14060,"minecraft:deaths":3,"minecraft:damage_taken":445,"minecraft:walk_one_cm":15774,"minecraft:sneak_time":544,"minecraft:walk_under_water_one_cm":1143,"minecraft:mob_kills":2,"minecraft:drop":10,"minecraft:jump":247,"minecraft:damage_dealt":354,"minecraft:leave_game":7,"minecraft:walk_on_water_one_cm":2534,"minecraft:time_since_death":74761,"minecraft:total_world_time":128547,"minecraft:swim_one_cm":775,"minecraft:fall_one_cm":6403,"minecraft:fly_one_cm":161431},"minecraft:dropped":{"minecraft:cobblestone":4,"minecraft:tnt":1,"minecraft:coal_ore":1,"minecraft:stick":4},"minecraft:mined":{"minecraft:dead_bush":4},"minecraft:used":{"minecraft:oak_fence":12,"minecraft:cobblestone":2,"minecraft:oak_sign":1}},"DataVersion":3465}