{"stats":{"minecraft:custom":{"minecraft:time_since_rest":129570,"minecraft:interact_with_furnace":2,"minecraft:crouch_one_cm":1358,"minecraft:open_shulker_box":3,"minecraft:play_time":232076,"minecraft:sprint_one_cm":5211,"minecraft:damage_taken":330,"minecraft:deaths":1,"minecraft:walk_one_cm":17905,"minecraft:sneak_time":1220,"minecraft:drop":19,"minecraft:jump":99,"minecraft:damage_dealt":20,"minecraft:leave_game":7,"minecraft:time_since_death":129537,"minecraft:total_world_time":232076,"minecraft:fall_one_cm":1472,"minecraft:fly_one_cm":89817,"minecraft:horse_one_cm":163239},"minecraft:used":{"minecraft:light_blue_shulker_box":3,"minecraft:birch_slab":1,"minecraft:grass_block":9,"minecraft:donkey_spawn_egg":3,"minecraft:brown_shulker_box":1,"minecraft:grass":7},"minecraft:dropped":{"minecraft:enchanted_golden_apple":1,"minecraft:apple":1,"minecraft:pink_shulker_box":1,"minecraft:golden_apple":1,"minecraft:light_blue_shulker_box":9,"minecraft:chest":64,"minecraft:brown_shulker_box":5},"minecraft:killed_by":{"minecraft:zombie":1},"minecraft:picked_up":{"minecraft:apple":1,"minecraft:brown_shulker_box":3,"minecraft:golden_apple":1,"minecraft:light_blue_shulker_box":6,"minecraft:enchanted_golden_apple":1,"minecraft:dirt":2},"minecraft:mined":{"minecraft:brown_shulker_box":1}},"DataVersion":3578}