{"stats":{"minecraft:used":{"minecraft:redstone_torch":1,"minecraft:oak_fence":12,"minecraft:oak_trapdoor":2,"minecraft:lever":1,"minecraft:water_bucket":1,"minecraft:grass_block":25,"minecraft:redstone":2,"minecraft:string":1,"minecraft:oak_sign":1,"minecraft:stone_slab":1,"minecraft:stone":114,"minecraft:tripwire_hook":2,"minecraft:repeater":1,"minecraft:cobblestone":2,"minecraft:terracotta":9,"minecraft:oak_sapling":18,"minecraft:white_bed":36,"minecraft:shears":1,"minecraft:bone_meal":193},"minecraft:custom":{"minecraft:time_since_rest":39014,"minecraft:sprint_one_cm":33109,"minecraft:damage_taken":1351,"minecraft:walk_one_cm":55155,"minecraft:mob_kills":3,"minecraft:drop":31,"minecraft:damage_dealt":733,"minecraft:swim_one_cm":775,"minecraft:fly_one_cm":398792,"minecraft:crouch_one_cm":3604,"minecraft:play_time":234401,"minecraft:deaths":7,"minecraft:sneak_time":1746,"minecraft:walk_under_water_one_cm":3124,"minecraft:jump":597,"minecraft:time_since_death":38813,"minecraft:leave_game":21,"minecraft:walk_on_water_one_cm":3973,"minecraft:sleep_in_bed":2,"minecraft:total_world_time":234401,"minecraft:fall_one_cm":10105},"minecraft:dropped":{"minecraft:water_bucket":1,"minecraft:iron_sword":1,"minecraft:stone":3,"minecraft:tnt":1,"minecraft:coal_ore":1,"minecraft:iron_chestplate":1,"minecraft:oak_sapling":64,"minecraft:cobblestone":4,"minecraft:iron_helmet":1,"minecraft:iron_leggings":1,"minecraft:rotten_flesh":1,"minecraft:iron_axe":1,"minecraft:iron_boots":1,"minecraft:bone_meal":64,"minecraft:iron_pickaxe":1,"minecraft:string":1,"minecraft:tripwire_hook":2,"minecraft:stick":7,"minecraft:terracotta":1},"minecraft:mined":{"minecraft:white_bed":15,"minecraft:dead_bush":9},"minecraft:killed_by":{"minecraft:skeleton":1,"minecraft:zombie":3},"minecraft:picked_up":{"minecraft:stick":7,"minecraft:white_bed":15,"minecraft:rotten_flesh":2,"minecraft:cobblestone":4},"minecraft:killed":{"minecraft:zombie":1}},"DataVersion":3465}