{"stats":{"minecraft:custom":{"minecraft:jump":50,"minecraft:time_since_rest":17814,"minecraft:damage_taken":20,"minecraft:walk_one_cm":2931,"minecraft:leave_game":3,"minecraft:sprint_one_cm":2526,"minecraft:play_time":19438,"minecraft:time_since_death":17722,"minecraft:walk_on_water_one_cm":2534,"minecraft:deaths":1,"minecraft:sneak_time":16,"minecraft:total_world_time":19438,"minecraft:walk_under_water_one_cm":1143,"minecraft:swim_one_cm":775,"minecraft:fall_one_cm":482,"minecraft:fly_one_cm":7111}},"DataVersion":3465}