{"stats":{"minecraft:killed_by":{"minecraft:zombie":1},"minecraft:mined":{"minecraft:brown_shulker_box":1},"minecraft:picked_up":{"minecraft:apple":1,"minecraft:brown_shulker_box":2,"minecraft:golden_apple":1,"minecraft:light_blue_shulker_box":1,"minecraft:enchanted_golden_apple":1},"minecraft:used":{"minecraft:light_blue_shulker_box":1,"minecraft:grass_block":2,"minecraft:donkey_spawn_egg":3,"minecraft:brown_shulker_box":1,"minecraft:grass":1},"minecraft:custom":{"minecraft:time_since_rest":3393,"minecraft:crouch_one_cm":271,"minecraft:open_shulker_box":1,"minecraft:play_time":105899,"minecraft:sprint_one_cm":2216,"minecraft:deaths":1,"minecraft:damage_taken":280,"minecraft:walk_one_cm":11013,"minecraft:sneak_time":471,"minecraft:drop":11,"minecraft:jump":59,"minecraft:damage_dealt":20,"minecraft:leave_game":4,"minecraft:time_since_death":3360,"minecraft:total_world_time":105899,"minecraft:fall_one_cm":478,"minecraft:fly_one_cm":59994,"minecraft:horse_one_cm":163239},"minecraft:dropped":{"minecraft:enchanted_golden_apple":1,"minecraft:apple":1,"minecraft:pink_shulker_box":1,"minecraft:golden_apple":1,"minecraft:light_blue_shulker_box":2,"minecraft:chest":64,"minecraft:brown_shulker_box":4}},"DataVersion":3578}