{"stats":{"minecraft:picked_up":{"minecraft:stick":7,"minecraft:rotten_flesh":1,"minecraft:white_bed":1,"minecraft:cobblestone":4},"minecraft:custom":{"minecraft:time_since_rest":21577,"minecraft:crouch_one_cm":726,"minecraft:play_time":162130,"minecraft:sprint_one_cm":29775,"minecraft:deaths":5,"minecraft:damage_taken":876,"minecraft:walk_one_cm":32037,"minecraft:sneak_time":710,"minecraft:walk_under_water_one_cm":2214,"minecraft:mob_kills":2,"minecraft:drop":17,"minecraft:jump":475,"minecraft:damage_dealt":481,"minecraft:leave_game":12,"minecraft:walk_on_water_one_cm":3664,"minecraft:time_since_death":32628,"minecraft:sleep_in_bed":2,"minecraft:total_world_time":162130,"minecraft:swim_one_cm":775,"minecraft:fall_one_cm":8102,"minecraft:fly_one_cm":283346},"minecraft:dropped":{"minecraft:cobblestone":4,"minecraft:stone":3,"minecraft:tnt":1,"minecraft:coal_ore":1,"minecraft:stick":7,"minecraft:terracotta":1},"minecraft:mined":{"minecraft:white_bed":1,"minecraft:dead_bush":8},"minecraft:used":{"minecraft:oak_fence":12,"minecraft:cobblestone":2,"minecraft:terracotta":9,"minecraft:oak_sign":1,"minecraft:white_bed":21,"minecraft:stone":37},"minecraft:killed_by":{"minecraft:zombie":2}},"DataVersion":3465}