{"stats":{"minecraft:used":{"minecraft:glow_item_frame":1,"minecraft:lava_bucket":1,"minecraft:light_blue_shulker_box":3,"minecraft:dirt":50,"minecraft:hopper":1,"minecraft:grass_block":7,"minecraft:brown_wool":1},"minecraft:killed":{"minecraft:sheep":1},"minecraft:dropped":{"minecraft:diamond_sword":62,"minecraft:dirt":2,"minecraft:light_blue_shulker_box":3},"minecraft:picked_up":{"minecraft:sweet_berries":1,"minecraft:brown_wool":1,"minecraft:diamond_sword":62,"minecraft:netherite_sword":11,"minecraft:light_blue_shulker_box":4,"minecraft:grass_block":3,"minecraft:mutton":4,"minecraft:dirt":19},"minecraft:mined":{"minecraft:large_fern":2},"minecraft:custom":{"minecraft:time_since_rest":61137,"minecraft:crouch_one_cm":2500,"minecraft:open_shulker_box":11,"minecraft:play_time":61137,"minecraft:sprint_one_cm":5064,"minecraft:damage_taken":190,"minecraft:walk_one_cm":8267,"minecraft:sneak_time":701,"minecraft:mob_kills":1,"minecraft:drop":6,"minecraft:jump":83,"minecraft:inspect_hopper":4,"minecraft:damage_dealt":80,"minecraft:leave_game":2,"minecraft:time_since_death":61137,"minecraft:total_world_time":61137,"minecraft:fall_one_cm":3061,"minecraft:fly_one_cm":12110}},"DataVersion":3578}