{"stats":{"minecraft:picked_up":{"minecraft:stick":7,"minecraft:rotten_flesh":1,"minecraft:white_bed":11,"minecraft:cobblestone":4},"minecraft:custom":{"minecraft:time_since_rest":6488,"minecraft:crouch_one_cm":726,"minecraft:play_time":181852,"minecraft:sprint_one_cm":30510,"minecraft:damage_taken":1001,"minecraft:deaths":6,"minecraft:walk_one_cm":38238,"minecraft:sneak_time":710,"minecraft:walk_under_water_one_cm":2214,"minecraft:mob_kills":2,"minecraft:drop":17,"minecraft:jump":503,"minecraft:damage_dealt":481,"minecraft:leave_game":14,"minecraft:walk_on_water_one_cm":3664,"minecraft:time_since_death":1256,"minecraft:sleep_in_bed":2,"minecraft:total_world_time":181852,"minecraft:swim_one_cm":775,"minecraft:fall_one_cm":8520,"minecraft:fly_one_cm":285610},"minecraft:dropped":{"minecraft:cobblestone":4,"minecraft:stone":3,"minecraft:tnt":1,"minecraft:coal_ore":1,"minecraft:stick":7,"minecraft:terracotta":1},"minecraft:mined":{"minecraft:white_bed":11,"minecraft:dead_bush":8},"minecraft:used":{"minecraft:oak_fence":12,"minecraft:cobblestone":2,"minecraft:terracotta":9,"minecraft:oak_sign":1,"minecraft:white_bed":32,"minecraft:stone":37},"minecraft:killed_by":{"minecraft:skeleton":1,"minecraft:zombie":2}},"DataVersion":3465}