{"stats":{"minecraft:custom":{"minecraft:jump":35,"minecraft:time_since_rest":4845,"minecraft:leave_game":1,"minecraft:crouch_one_cm":354,"minecraft:walk_on_water_one_cm":256,"minecraft:sprint_one_cm":2740,"minecraft:play_time":4845,"minecraft:damage_taken":160,"minecraft:time_since_death":4845,"minecraft:walk_one_cm":3810,"minecraft:sneak_time":214,"minecraft:total_world_time":4845,"minecraft:walk_under_water_one_cm":8043,"minecraft:swim_one_cm":29228,"minecraft:fall_one_cm":1298,"minecraft:fly_one_cm":4972},"minecraft:picked_up":{"minecraft:birch_log":5},"minecraft:mined":{"minecraft:birch_log":5,"minecraft:grass":2,"minecraft:birch_leaves":1}},"DataVersion":3578}