{"stats":{"minecraft:broken":{"minecraft:stone_pickaxe":1},"minecraft:custom":{"minecraft:time_since_rest":3900,"minecraft:interact_with_furnace":16,"minecraft:sprint_one_cm":13545,"minecraft:damage_taken":1526,"minecraft:walk_one_cm":56152,"minecraft:drop":2,"minecraft:damage_dealt":32,"minecraft:interact_with_crafting_table":12,"minecraft:fly_one_cm":21983,"minecraft:crouch_one_cm":1080,"minecraft:play_time":30779,"minecraft:deaths":4,"minecraft:sneak_time":801,"minecraft:jump":269,"minecraft:leave_game":1,"minecraft:time_since_death":3850,"minecraft:total_world_time":30779,"minecraft:fall_one_cm":19859},"minecraft:crafted":{"minecraft:iron_boots":1,"minecraft:iron_axe":1,"minecraft:crafting_table":1,"minecraft:stick":12,"minecraft:iron_helmet":1,"minecraft:iron_pickaxe":1,"minecraft:iron_ingot":17,"minecraft:wooden_pickaxe":1,"minecraft:stone_pickaxe":1,"minecraft:wooden_axe":1,"minecraft:iron_leggings":1,"minecraft:furnace":1,"minecraft:bucket":1,"minecraft:birch_planks":16,"minecraft:air":0},"minecraft:used":{"minecraft:moss_block":1,"minecraft:wooden_axe":3,"minecraft:iron_axe":1,"minecraft:stone_pickaxe":131,"minecraft:iron_pickaxe":242,"minecraft:wooden_pickaxe":20,"minecraft:dirt":9,"minecraft:cobblestone":11,"minecraft:crafting_table":4,"minecraft:furnace":1,"minecraft:netherite_pickaxe":65,"minecraft:andesite":5,"minecraft:bucket":1,"minecraft:granite":2},"minecraft:dropped":{"minecraft:dirt":1,"minecraft:iron_pickaxe":1},"minecraft:picked_up":{"minecraft:birch_log":10,"minecraft:crafting_table":4,"minecraft:raw_iron":398,"minecraft:lilac":2,"minecraft:clay_ball":4,"minecraft:andesite":15,"minecraft:diorite":66,"minecraft:netherite_pickaxe":1,"minecraft:lapis_lazuli":45,"minecraft:dirt":25,"minecraft:item_frame":1,"minecraft:cobbled_deepslate":31,"minecraft:granite":38,"minecraft:iron_pickaxe":1,"minecraft:moss_block":3,"minecraft:glow_berries":1,"minecraft:coal":401,"minecraft:cobblestone":216,"minecraft:furnace":1},"minecraft:mined":{"minecraft:deepslate_redstone_ore":1,"minecraft:furnace":1,"minecraft:birch_log":11,"minecraft:iron_ore":61,"minecraft:lilac":3,"minecraft:andesite":15,"minecraft:birch_leaves":2,"minecraft:clay":1,"minecraft:crafting_table":4,"minecraft:granite":38,"minecraft:grass":1,"minecraft:cave_vines":2,"minecraft:grass_block":3,"minecraft:coal_ore":10,"minecraft:dirt":22,"minecraft:cobblestone":4,"minecraft:lapis_ore":6,"minecraft:stone":216,"minecraft:moss_block":3,"minecraft:diorite":66,"minecraft:deepslate":32}},"DataVersion":3578}