{"stats":{"minecraft:picked_up":{"minecraft:rotten_flesh":34,"minecraft:glow_item_frame":1,"minecraft:light_blue_shulker_box":1},"minecraft:dropped":{"minecraft:rotten_flesh":16},"minecraft:mined":{"minecraft:spruce_leaves":4},"minecraft:used":{"minecraft:light_blue_shulker_box":1},"minecraft:killed_by":{"minecraft:zombie":1},"minecraft:killed":{"minecraft:zombie":1},"minecraft:custom":{"minecraft:time_since_rest":2710,"minecraft:crouch_one_cm":175,"minecraft:open_shulker_box":5,"minecraft:play_time":4064,"minecraft:sprint_one_cm":13035,"minecraft:walk_one_cm":9622,"minecraft:damage_taken":460,"minecraft:deaths":1,"minecraft:sneak_time":37,"minecraft:mob_kills":2,"minecraft:drop":1,"minecraft:jump":56,"minecraft:damage_dealt":79,"minecraft:leave_game":1,"minecraft:time_since_death":2704,"minecraft:total_world_time":4064,"minecraft:fall_one_cm":627,"minecraft:fly_one_cm":7808}},"DataVersion":3578}