{"stats":{"minecraft:custom":{"minecraft:jump":53,"minecraft:time_since_rest":2538,"minecraft:damage_dealt":16,"minecraft:crouch_one_cm":214,"minecraft:deaths":1,"minecraft:sprint_one_cm":7813,"minecraft:play_time":5075,"minecraft:damage_taken":290,"minecraft:time_since_death":2487,"minecraft:walk_one_cm":5042,"minecraft:sneak_time":121,"minecraft:total_world_time":5075,"minecraft:interact_with_crafting_table":1,"minecraft:fall_one_cm":685,"minecraft:fly_one_cm":4658,"minecraft:leave_game":1},"minecraft:crafted":{"minecraft:crafting_table":1,"minecraft:birch_planks":20},"minecraft:used":{"minecraft:crafting_table":1},"minecraft:picked_up":{"minecraft:dirt":1,"minecraft:birch_log":9},"minecraft:killed_by":{"minecraft:creeper":1},"minecraft:mined":{"minecraft:birch_log":9,"minecraft:grass_block":1}},"DataVersion":3578}