{"stats":{"minecraft:custom":{"minecraft:time_since_rest":104,"minecraft:open_shulker_box":8,"minecraft:crouch_one_cm":114,"minecraft:play_time":15893,"minecraft:sprint_one_cm":11632,"minecraft:deaths":2,"minecraft:damage_taken":517,"minecraft:walk_one_cm":19367,"minecraft:sneak_time":139,"minecraft:drop":31,"minecraft:jump":133,"minecraft:damage_dealt":38,"minecraft:leave_game":1,"minecraft:time_since_death":0,"minecraft:climb_one_cm":60,"minecraft:total_world_time":15893,"minecraft:fall_one_cm":14984,"minecraft:fly_one_cm":12653,"minecraft:horse_one_cm":143619},"minecraft:crafted":{"minecraft:birch_planks":16,"minecraft:crafting_table":1},"minecraft:used":{"minecraft:light_blue_shulker_box":2,"minecraft:cobblestone":4,"minecraft:birch_planks":12,"minecraft:andesite":1,"minecraft:netherite_helmet":1},"minecraft:dropped":{"minecraft:netherite_chestplate":1,"minecraft:netherite_helmet":30},"minecraft:killed_by":{"minecraft:zombie":1},"minecraft:picked_up":{"minecraft:birch_log":4,"minecraft:andesite":1,"minecraft:dirt":2,"minecraft:cobblestone":11},"minecraft:mined":{"minecraft:grass_block":1,"minecraft:dirt":1,"minecraft:dark_oak_leaves":4,"minecraft:bee_nest":1}},"DataVersion":3578}