{"stats":{"minecraft:dropped":{"minecraft:pink_shulker_box":1},"minecraft:killed_by":{"minecraft:zombie":1},"minecraft:picked_up":{"minecraft:brown_shulker_box":2,"minecraft:light_blue_shulker_box":1,"minecraft:pink_shulker_box":2,"minecraft:chest":64},"minecraft:custom":{"minecraft:jump":63,"minecraft:time_since_rest":3666,"minecraft:damage_taken":600,"minecraft:leave_game":7,"minecraft:crouch_one_cm":532,"minecraft:sprint_one_cm":3679,"minecraft:play_time":34699,"minecraft:walk_one_cm":13136,"minecraft:time_since_death":3629,"minecraft:deaths":2,"minecraft:sneak_time":508,"minecraft:total_world_time":34699,"minecraft:drop":1,"minecraft:fall_one_cm":1511,"minecraft:fly_one_cm":2041,"minecraft:horse_one_cm":299510},"minecraft:mined":{"minecraft:birch_leaves":2}},"DataVersion":3578}